{
    "providers": [
        {
            "type": "bitmap",
            "file": "minecraft:0001.png",
            "ascent": 1,
            "height": 20,
            "chars": ["\uE000"]
        },
        {
            "type": "bitmap",
            "file": "minecraft:0002.png",
            "ascent": 1,
            "height": 20,
            "chars": ["\uE001"]
        },
        {
            "type": "bitmap",
            "file": "minecraft:0003.png",
            "ascent": 1,
            "height": 20,
            "chars": ["\uE002"]
        },
        {
            "type": "bitmap",
            "file": "minecraft:0004.png",
            "ascent": 1,
            "height": 20,
            "chars": ["\uE003"]
        },
        {
            "type": "bitmap",
            "file": "minecraft:0005.png",
            "ascent": 1,
            "height": 20,
            "chars": ["\uE004"]
        },
        {
            "type": "bitmap",
            "file": "minecraft:0006.png",
            "ascent": 1,
            "height": 20,
            "chars": ["\uE005"]
        },
        {
            "type": "bitmap",
            "file": "minecraft:0007.png",
            "ascent": 1,
            "height": 20,
            "chars": ["\uE006"]
        },
        {
            "type": "bitmap",
            "file": "minecraft:0008.png",
            "ascent": 1,
            "height": 20,
            "chars": ["\uE007"]
        },
        {
            "type": "bitmap",
            "file": "minecraft:0009.png",
            "ascent": 1,
            "height": 20,
            "chars": ["\uE008"]
        },
        {
            "type": "bitmap",
            "file": "minecraft:0010.png",
            "ascent": 1,
            "height": 20,
            "chars": ["\uE009"]
        },
        {
            "type": "bitmap",
            "file": "minecraft:0011.png",
            "ascent": 1,
            "height": 20,
            "chars": ["\uE010"]
        },
        {
            "type": "bitmap",
            "file": "minecraft:0012.png",
            "ascent": 1,
            "height": 20,
            "chars": ["\uE011"]
        },
        {
            "type": "bitmap",
            "file": "minecraft:0013.png",
            "ascent": 1,
            "height": 20,
            "chars": ["\uE012"]
        },
        {
            "type": "bitmap",
            "file": "minecraft:0014.png",
            "ascent": 1,
            "height": 20,
            "chars": ["\uE013"]
        },
        {
            "type": "bitmap",
            "file": "minecraft:0015.png",
            "ascent": 1,
            "height": 20,
            "chars": ["\uE014"]
        },
        {
            "type": "bitmap",
            "file": "minecraft:0016.png",
            "ascent": 1,
            "height": 20,
            "chars": ["\uE015"]
        },
        {
            "type": "bitmap",
            "file": "minecraft:0017.png",
            "ascent": 1,
            "height": 20,
            "chars": ["\uE016"]
        },
        {
            "type": "bitmap",
            "file": "minecraft:0018.png",
            "ascent": 1,
            "height": 20,
            "chars": ["\uE017"]
        },
        {
            "type": "bitmap",
            "file": "minecraft:0019.png",
            "ascent": 1,
            "height": 20,
            "chars": ["\uE018"]
        },
        {
            "type": "bitmap",
            "file": "minecraft:0020.png",
            "ascent": 1,
            "height": 20,
            "chars": ["\uE019"]
        },
        {
            "type": "bitmap",
            "file": "minecraft:0021.png",
            "ascent": 1,
            "height": 20,
            "chars": ["\uE020"]
        },
        {
            "type": "bitmap",
            "file": "minecraft:0022.png",
            "ascent": 1,
            "height": 20,
            "chars": ["\uE021"]
        },
        {
            "type": "bitmap",
            "file": "minecraft:0023.png",
            "ascent": 1,
            "height": 20,
            "chars": ["\uE022"]
        },
        {
            "type": "bitmap",
            "file": "minecraft:0024.png",
            "ascent": 1,
            "height": 20,
            "chars": ["\uE023"]
        },
        {
            "type": "bitmap",
            "file": "minecraft:0025.png",
            "ascent": 1,
            "height": 20,
            "chars": ["\uE024"]
        },
        {
            "type": "bitmap",
            "file": "minecraft:0026.png",
            "ascent": 1,
            "height": 20,
            "chars": ["\uE025"]
        },
        {
            "type": "bitmap",
            "file": "minecraft:0027.png",
            "ascent": 1,
            "height": 20,
            "chars": ["\uE026"]
        },
        {
            "type": "bitmap",
            "file": "minecraft:0028.png",
            "ascent": 1,
            "height": 20,
            "chars": ["\uE027"]
        },
        {
            "type": "bitmap",
            "file": "minecraft:0029.png",
            "ascent": 1,
            "height": 20,
            "chars": ["\uE028"]
        },
        {
            "type": "bitmap",
            "file": "minecraft:0030.png",
            "ascent": 1,
            "height": 20,
            "chars": ["\uE029"]
        },
        {
            "type": "bitmap",
            "file": "minecraft:0031.png",
            "ascent": 1,
            "height": 20,
            "chars": ["\uE030"]
        },
        {
            "type": "bitmap",
            "file": "minecraft:0032.png",
            "ascent": 1,
            "height": 20,
            "chars": ["\uE031"]
        },
        {
            "type": "bitmap",
            "file": "minecraft:0033.png",
            "ascent": 1,
            "height": 20,
            "chars": ["\uE032"]
        },
        {
            "type": "bitmap",
            "file": "minecraft:0034.png",
            "ascent": 1,
            "height": 20,
            "chars": ["\uE033"]
        },
        {
            "type": "bitmap",
            "file": "minecraft:0035.png",
            "ascent": 1,
            "height": 20,
            "chars": ["\uE034"]
        },
        {
            "type": "bitmap",
            "file": "minecraft:0036.png",
            "ascent": 1,
            "height": 20,
            "chars": ["\uE035"]
        },
        {
            "type": "bitmap",
            "file": "minecraft:0037.png",
            "ascent": 1,
            "height": 20,
            "chars": ["\uE036"]
        },
        {
            "type": "bitmap",
            "file": "minecraft:0038.png",
            "ascent": 1,
            "height": 20,
            "chars": ["\uE037"]
        },
        {
            "type": "bitmap",
            "file": "minecraft:0039.png",
            "ascent": 1,
            "height": 20,
            "chars": ["\uE038"]
        },
        {
            "type": "bitmap",
            "file": "minecraft:0040.png",
            "ascent": 1,
            "height": 20,
            "chars": ["\uE039"]
        },
        {
            "type": "bitmap",
            "file": "minecraft:0041.png",
            "ascent": 1,
            "height": 20,
            "chars": ["\uE040"]
        },
        {
            "type": "bitmap",
            "file": "minecraft:0042.png",
            "ascent": 1,
            "height": 20,
            "chars": ["\uE041"]
        },
        {
            "type": "bitmap",
            "file": "minecraft:0043.png",
            "ascent": 1,
            "height": 20,
            "chars": ["\uE042"]
        },
        {
            "type": "bitmap",
            "file": "minecraft:0044.png",
            "ascent": 1,
            "height": 20,
            "chars": ["\uE043"]
        },
        {
            "type": "bitmap",
            "file": "minecraft:0045.png",
            "ascent": 1,
            "height": 20,
            "chars": ["\uE044"]
        },
        {
            "type": "bitmap",
            "file": "minecraft:0046.png",
            "ascent": 1,
            "height": 20,
            "chars": ["\uE045"]
        },
        {
            "type": "bitmap",
            "file": "minecraft:0047.png",
            "ascent": 1,
            "height": 20,
            "chars": ["\uE046"]
        },
        {
            "type": "bitmap",
            "file": "minecraft:0048.png",
            "ascent": 1,
            "height": 20,
            "chars": ["\uE047"]
        },
        {
            "type": "bitmap",
            "file": "minecraft:0049.png",
            "ascent": 1,
            "height": 20,
            "chars": ["\uE048"]
        },
        {
            "type": "bitmap",
            "file": "minecraft:0050.png",
            "ascent": 1,
            "height": 20,
            "chars": ["\uE049"]
        },
        {
            "type": "bitmap",
            "file": "minecraft:0051.png",
            "ascent": 1,
            "height": 20,
            "chars": ["\uE050"]
        },
        {
            "type": "bitmap",
            "file": "minecraft:0052.png",
            "ascent": 1,
            "height": 20,
            "chars": ["\uE051"]
        },
        {
            "type": "bitmap",
            "file": "minecraft:0053.png",
            "ascent": 1,
            "height": 20,
            "chars": ["\uE052"]
        },
        {
            "type": "bitmap",
            "file": "minecraft:0054.png",
            "ascent": 1,
            "height": 20,
            "chars": ["\uE053"]
        },
        {
            "type": "bitmap",
            "file": "minecraft:0055.png",
            "ascent": 1,
            "height": 20,
            "chars": ["\uE054"]
        },
        {
            "type": "bitmap",
            "file": "minecraft:0056.png",
            "ascent": 1,
            "height": 20,
            "chars": ["\uE055"]
        },
        {
            "type": "bitmap",
            "file": "minecraft:0057.png",
            "ascent": 1,
            "height": 20,
            "chars": ["\uE056"]
        },
        {
            "type": "bitmap",
            "file": "minecraft:0058.png",
            "ascent": 1,
            "height": 20,
            "chars": ["\uE057"]
        },
        {
            "type": "bitmap",
            "file": "minecraft:0059.png",
            "ascent": 1,
            "height": 20,
            "chars": ["\uE058"]
        },
        {
            "type": "bitmap",
            "file": "minecraft:0060.png",
            "ascent": 1,
            "height": 20,
            "chars": ["\uE059"]
        },
        {
            "type": "bitmap",
            "file": "minecraft:0061.png",
            "ascent": 1,
            "height": 20,
            "chars": ["\uE060"]
        },
        {
            "type": "bitmap",
            "file": "minecraft:0062.png",
            "ascent": 1,
            "height": 20,
            "chars": ["\uE061"]
        },
        {
            "type": "bitmap",
            "file": "minecraft:0063.png",
            "ascent": 1,
            "height": 20,
            "chars": ["\uE062"]
        },
        {
            "type": "bitmap",
            "file": "minecraft:0064.png",
            "ascent": 1,
            "height": 20,
            "chars": ["\uE063"]
        },
        {
            "type": "bitmap",
            "file": "minecraft:0065.png",
            "ascent": 1,
            "height": 20,
            "chars": ["\uE064"]
        },
        {
            "type": "bitmap",
            "file": "minecraft:0066.png",
            "ascent": 1,
            "height": 20,
            "chars": ["\uE065"]
        },
        {
            "type": "bitmap",
            "file": "minecraft:0067.png",
            "ascent": 1,
            "height": 20,
            "chars": ["\uE066"]
        },
        {
            "type": "bitmap",
            "file": "minecraft:0068.png",
            "ascent": 1,
            "height": 20,
            "chars": ["\uE067"]
        },
        {
            "type": "bitmap",
            "file": "minecraft:0069.png",
            "ascent": 1,
            "height": 20,
            "chars": ["\uE068"]
        },
        {
            "type": "bitmap",
            "file": "minecraft:0070.png",
            "ascent": 1,
            "height": 20,
            "chars": ["\uE069"]
        },
        {
            "type": "bitmap",
            "file": "minecraft:0071.png",
            "ascent": 1,
            "height": 20,
            "chars": ["\uE070"]
        },
        {
            "type": "bitmap",
            "file": "minecraft:0072.png",
            "ascent": 1,
            "height": 20,
            "chars": ["\uE071"]
        },
        {
            "type": "bitmap",
            "file": "minecraft:0073.png",
            "ascent": 1,
            "height": 20,
            "chars": ["\uE072"]
        },
        {
            "type": "bitmap",
            "file": "minecraft:0074.png",
            "ascent": 1,
            "height": 20,
            "chars": ["\uE073"]
        },
        {
            "type": "bitmap",
            "file": "minecraft:0075.png",
            "ascent": 1,
            "height": 20,
            "chars": ["\uE074"]
        },
        {
            "type": "bitmap",
            "file": "minecraft:0076.png",
            "ascent": 1,
            "height": 20,
            "chars": ["\uE075"]
        },
        {
            "type": "bitmap",
            "file": "minecraft:0077.png",
            "ascent": 1,
            "height": 20,
            "chars": ["\uE076"]
        },
        {
            "type": "bitmap",
            "file": "minecraft:0078.png",
            "ascent": 1,
            "height": 20,
            "chars": ["\uE077"]
        },
        {
            "type": "bitmap",
            "file": "minecraft:0079.png",
            "ascent": 1,
            "height": 20,
            "chars": ["\uE078"]
        },
        {
            "type": "bitmap",
            "file": "minecraft:0080.png",
            "ascent": 1,
            "height": 20,
            "chars": ["\uE079"]
        },
        {
            "type": "bitmap",
            "file": "minecraft:0081.png",
            "ascent": 1,
            "height": 20,
            "chars": ["\uE080"]
        }
    ]
}